N;9617.00.10.000C;SIN ACUERDO;TERMOS Y DEMAS RECIPIENTES ISOTERMICOS EN 23200 UNIDAD DETALLADO EN SUBITEM;07;168446;23200;23200;8943;2;720;720;8734,58;ML;CONTIGO
1000;6210;ML;CONTIGO;CNTG SNS 14OZ CR BYS BRSH;1000;;;;;;;;;
1000;6210;ML;CONTIGO;CNTG SNS 14OZ CR LCRC BRSH;1000;;;;;;;;;
1000;6210;ML;CONTIGO;CNTG SNS 14OZ CR WHT BRSH;1000;;;;;;;;;
400;2780;ML;CONTIGO;CNTG SNS 16OZ CR LCRC LCRC ST;400;;;;;;;;;
400;2780;ML;CONTIGO;CNTG SNS 16OZ CR OML CHP ST;400;;;;;;;;;
400;2780;ML;CONTIGO;CNTG SNS 16OZ END ELG PRPL CRRT ST;400;;;;;;;;;
1000;7920;ML;CONTIGO;CNTG DS 24OZ CR LCRC LCRC ST;1000;;;;;;;;;
400;3168;ML;CONTIGO;CNTG DS 24OZ CR BYS BRNZ ST;400;;;;;;;;;
400;3168;ML;CONTIGO;CNTG DS 24OZ CR LCRC BRNZ ST;400;;;;;;;;;
600;4752;ML;CONTIGO;CNTG DS 24OZ CR OML CHP ST;600;;;;;;;;;
1000;7920;ML;CONTIGO;CNTG DS 24OZ END ELG MNR TL ST;1000;;;;;;;;;
1000;7920;ML;CONTIGO;CNTG DS 24OZ END ELG PRPL CRRT ST;1000;;;;;;;;;
1000;7920;ML;CONTIGO;CNTG AP 24OZ CR BYS BRSH ST;1000;;;;;;;;;
800;6336;ML;CONTIGO;CNTG AP 24OZ CR LCRC BRSH ST;800;;;;;;;;;
600;4752;ML;CONTIGO;CNTG AP 24OZ CR WHT BRSH ST;600;;;;;;;;;
1000;6210;ML;CONTIGO;CNTG SNS 14OZ CR BYS BRSH;1000;;;;;;;;;
1000;6210;ML;CONTIGO;CNTG SNS 14OZ CR LCRC BRSH;1000;;;;;;;;;
1000;6210;ML;CONTIGO;CNTG SNS 14OZ CR WHT BRSH;1000;;;;;;;;;
400;2780;ML;CONTIGO;CNTG SNS 16OZ CR BYS BRNZ ST;400;;;;;;;;;
600;4170;ML;CONTIGO;CNTG SNS 16OZ CR LCRC BRNZ ST;600;;;;;;;;;
800;5560;ML;CONTIGO;CNTG SNS 16OZ CR LCRC LCRC ST;800;;;;;;;;;
600;4170;ML;CONTIGO;CNTG SNS 16OZ CR OML CHP ST;600;;;;;;;;;
400;2780;ML;CONTIGO;CNTG SNS 16OZ END ELG MNR TL ST;400;;;;;;;;;
800;5560;ML;CONTIGO;CNTG SNS 16OZ END ELG PRPL CRRT ST;800;;;;;;;;;
400;3280;ML;CONTIGO;CNTG SNS 24OZ CR BYS BRNZ ST;400;;;;;;;;;
400;3280;ML;CONTIGO;CNTG SNS 24OZ CR LCRC BRNZ ST;400;;;;;;;;;
800;6560;ML;CONTIGO;CNTG SNS 24OZ CR LCRC LCRC ST;800;;;;;;;;;
1000;8200;ML;CONTIGO;CNTG SNS 24OZ CR OML CHP ST;1000;;;;;;;;;
400;3280;ML;CONTIGO;CNTG SNS 24OZ END ELG PRPL CRRT ST;400;;;;;;;;;
800;5960;ML;CONTIGO;CNTG SNS 14OZ CR LCRC BRNZ MUG;800;;;;;;;;;
600;4470;ML;CONTIGO;CNTG SNS 14OZ CR OML CHP MUG;600;;;;;;;;;
600;4470;ML;CONTIGO;CNTG SNS 14OZ END ELG DNM MUG;600;;;;;;;;;
600;4470;ML;CONTIGO;CNTG SNS 14OZ BLD BR GLCTC MUG;600;;;;;;;;;
